DROP DATABASE IF EXISTS zomato;
CREATE DATABASE IF NOT EXISTS zomato;
USE zomato;

CREATE TABLE IF NOT EXISTS goldusers_signup (
    userid INTEGER,
    gold_signup_date DATE
);

INSERT INTO goldusers_signup (userid, gold_signup_date) 
VALUES 
	(23, '2017-01-24'),
	(18, '2019-04-17'),
	(9, '2017-12-18'),
	(2, '2018-12-15'),
	(20, '2020-03-26'),
	(44, '2017-01-21'),
	(24, '2018-02-21'),
	(11, '2018-11-18'),
	(13, '2018-05-21'),
	(33, '2017-09-15'),
	(37, '2018-04-12'),
	(1, '2017-12-05');


CREATE TABLE IF NOT EXISTS users (
    userid INTEGER,
    signup_date DATE
);

INSERT INTO users (userid, signup_date) 
VALUES 
	(1, '2016-05-04'),
	(2, '2016-11-16'),
	(3, '2016-02-01'),
	(4, '2016-03-20'),
	(5, '2016-01-30'),
	(6, '2016-08-20'),
	(7, '2016-07-04'),
	(8, '2016-09-02'),
	(9, '2016-11-07'),
	(10, '2016-02-16'),
	(11, '2016-01-18'),
	(12, '2016-10-13'),
	(13, '2016-01-13'),
	(14, '2016-04-11'),
	(15, '2016-06-13'),
	(16, '2016-02-16'),
	(17, '2016-02-10'),
	(18, '2016-02-11'),
	(19, '2016-08-28'),
	(20, '2016-04-26'),
	(21, '2016-10-24'),
	(22, '2016-04-08'),
	(23, '2016-05-14'),
	(24, '2016-08-27'),
	(25, '2016-03-07'),
	(26, '2016-10-08'),
	(27, '2016-08-18'),
	(28, '2016-06-11'),
	(29, '2016-09-17'),
	(30, '2016-04-02'),
	(31, '2016-04-12'),
	(32, '2016-02-25'),
	(33, '2016-01-31'),
	(34, '2016-05-13'),
	(35, '2016-04-04'),
	(36, '2016-12-06'),
	(37, '2016-10-08'),
	(38, '2016-04-28'),
	(39, '2016-05-26'),
	(40, '2016-11-06'),
	(41, '2016-07-01'),
	(42, '2016-05-07'),
	(43, '2016-09-20'),
	(44, '2016-09-05'),
	(45, '2016-10-26'),
	(46, '2016-10-24'),
	(47, '2016-11-17'),
	(48, '2016-02-05'),
	(49, '2016-04-25'),
	(50, '2016-09-06');


CREATE TABLE IF NOT EXISTS sales (
    userid INTEGER,
    created_date DATE,
    product_id INTEGER
);

INSERT INTO sales (userid, created_date, product_id) 
VALUES 
	(10, '2017-03-04', 4),
	(28, '2016-10-28', 4),
	(10, '2020-03-04', 7),
	(22, '2018-04-09', 5),
	(50, '2020-07-20', 3),
	(38, '2020-01-02', 3),
	(7, '2018-11-26', 10),
	(44, '2017-10-28', 5),
	(40, '2020-04-11', 5),
	(7, '2018-11-06', 4),
	(17, '2020-01-22', 5),
	(2, '2019-10-24', 7),
	(19, '2017-04-22', 3),
	(13, '2019-06-25', 5),
	(36, '2021-04-30', 6),
	(43, '2017-01-01', 10),
	(49, '2017-12-26', 6),
	(19, '2017-12-22', 2),
	(26, '2021-07-17', 8),
	(14, '2017-08-18', 3),
	(16, '2017-08-30', 3),
	(29, '2019-06-10', 8),
	(33, '2019-12-25', 10),
	(42, '2019-12-29', 6),
	(24, '2016-10-07', 9),
	(40, '2021-04-26', 4),
	(38, '2018-03-06', 8),
	(16, '2017-08-20', 4),
	(28, '2021-07-13', 10),
	(39, '2016-05-16', 5),
	(23, '2018-02-09', 3),
	(50, '2016-12-16', 7),
	(50, '2020-12-28', 7),
	(30, '2019-11-21', 6),
	(24, '2020-03-27', 2),
	(6, '2016-01-26', 4),
	(12, '2020-11-20', 7),
	(1, '2016-05-05', 2),
	(22, '2020-01-26', 5),
	(35, '2017-05-28', 6),
	(44, '2017-08-20', 4),
	(45, '2016-12-21', 9),
	(11, '2018-03-30', 10),
	(21, '2018-10-23', 2),
	(5, '2018-01-04', 8),
	(13, '2021-09-10', 5),
	(8, '2021-03-17', 8),
	(19, '2021-07-26', 5),
	(39, '2019-10-20', 10),
	(34, '2017-08-17', 1),
	(38, '2020-03-20', 6),
	(8, '2019-03-11', 9),
	(37, '2018-12-17', 2),
	(5, '2020-12-14', 5),
	(43, '2017-02-26', 9),
	(29, '2018-12-02', 3),
	(29, '2017-07-08', 5),
	(19, '2016-01-23', 1),
	(42, '2020-02-15', 7),
	(42, '2018-06-18', 10),
	(6, '2020-12-02', 7),
	(39, '2021-01-28', 10),
	(44, '2018-02-02', 3),
	(35, '2017-08-13', 6),
	(1, '2017-07-27', 5),
	(25, '2019-11-11', 10),
	(15, '2019-07-28', 8),
	(23, '2016-10-18', 1),
	(42, '2020-08-16', 4),
	(32, '2021-10-20', 6),
	(45, '2016-08-27', 10),
	(42, '2019-11-07', 6),
	(49, '2016-12-13', 5),
	(34, '2017-03-12', 3),
	(32, '2021-03-03', 1),
	(40, '2021-01-08', 5),
	(30, '2017-07-19', 7),
	(23, '2016-11-29', 8),
	(34, '2016-02-15', 9),
	(49, '2016-02-04', 4),
	(12, '2019-08-06', 4),
	(31, '2017-03-07', 3),
	(25, '2017-08-02', 2),
	(10, '2016-04-13', 1),
	(29, '2019-08-14', 6),
	(34, '2019-11-24', 5),
	(25, '2020-05-02', 8),
	(10, '2016-05-25', 8),
	(16, '2016-01-06', 2),
	(23, '2019-07-03', 5),
	(49, '2020-12-29', 6),
	(22, '2017-05-01', 7),
	(3, '2020-05-23', 1),
	(27, '2020-09-06', 8),
	(33, '2018-09-03', 2),
	(10, '2019-07-12', 3),
	(31, '2019-03-15', 8),
	(19, '2021-03-18', 2),
	(12, '2020-11-06', 6),
	(33, '2019-12-11', 2),
	(23, '2019-07-23', 3),
	(8, '2018-09-07', 6),
	(15, '2020-04-27', 5),
	(23, '2016-04-16', 8),
	(2, '2019-12-08', 1),
	(37, '2020-10-24', 1),
	(6, '2016-05-12', 9),
	(35, '2020-10-26', 4),
	(28, '2021-06-24', 8),
	(16, '2019-09-19', 7),
	(44, '2019-02-18', 9),
	(37, '2021-01-08', 5),
	(4, '2021-06-16', 9),
	(41, '2018-01-05', 10),
	(32, '2021-02-27', 3),
	(40, '2016-11-06', 2),
	(5, '2020-05-06', 1),
	(36, '2018-07-30', 2),
	(36, '2021-10-26', 3),
	(12, '2016-10-30', 2),
	(4, '2016-02-21', 9),
	(34, '2016-06-10', 10),
	(32, '2018-06-02', 10),
	(47, '2018-09-02', 7),
	(38, '2019-10-30', 6),
	(28, '2019-11-29', 8),
	(35, '2021-12-07', 8),
	(27, '2020-10-03', 9),
	(37, '2020-12-07', 2),
	(39, '2021-10-19', 5),
	(24, '2021-06-08', 4),
	(41, '2020-07-26', 9),
	(1, '2017-02-28', 4),
	(16, '2017-05-24', 8),
	(15, '2020-11-07', 9),
	(46, '2019-11-25', 4),
	(2, '2021-01-22', 3),
	(19, '2021-02-22', 8),
	(15, '2020-01-15', 9),
	(10, '2020-10-07', 4),
	(5, '2021-10-11', 3),
	(18, '2021-04-09', 8),
	(48, '2020-06-12', 8),
	(22, '2021-01-24', 4),
	(30, '2019-08-25', 3),
	(42, '2016-12-17', 5),
	(23, '2020-02-12', 4),
	(4, '2018-12-21', 9),
	(38, '2019-07-04', 8);

CREATE TABLE IF NOT EXISTS product (
    product_id INTEGER,
    product_name VARCHAR(50),
    price INTEGER
);

INSERT INTO product (product_id, product_name, price) 
VALUES
	(1, 'p1', 593),
	(2, 'p2', 290),
	(3, 'p3', 331),
	(4, 'p4', 353),
	(5, 'p5', 575),
	(6, 'p6', 288),
	(7, 'p7', 458),
	(8, 'p8', 418),
	(9, 'p9', 283),
	(10, 'p10', 534);
    


